{
  "A": {
    "n_features": 28,
    "feature_cols": [
      "return_1d",
      "return_5d",
      "return_20d",
      "rsi_14",
      "macd",
      "macd_signal",
      "macd_hist",
      "sma_20_ratio",
      "sma_50_ratio",
      "ema_12_ratio",
      "volatility_20d",
      "atr_14",
      "bb_upper_dist",
      "bb_lower_dist",
      "bb_width",
      "volume_ratio",
      "dow_sin",
      "dow_cos",
      "month_sin",
      "month_cos",
      "vix_level",
      "sector_Consumer",
      "sector_Energy",
      "sector_Finance",
      "sector_Healthcare",
      "sector_Industrial",
      "sector_Insurance",
      "sector_Technology"
    ],
    "best_model": "LightGBM",
    "cv_f1_mean": 0.509340867998956,
    "cv_f1_std": 0.01839984617452308,
    "cv_acc_mean": 0.5172396653135614,
    "fold_f1": [
      0.4931025171814436,
      0.5145486252936396,
      0.5264647737445831,
      0.5296413160764092,
      0.4829471076987046
    ],
    "test_f1_macro": 0.49485348958727426,
    "test_accuracy": 0.49523286577147707,
    "per_class": {
      "DOWN": {
        "precision": 0.4565,
        "recall": 0.5084,
        "f1": 0.481
      },
      "UP": {
        "precision": 0.536,
        "recall": 0.484,
        "f1": 0.5087
      }
    },
    "per_model": {
      "RandomForest": {
        "cv_f1_mean": 0.4998834766591639,
        "cv_f1_std": 0.024570980781030746,
        "cv_acc_mean": 0.5109435837958745,
        "fold_f1": [
          0.48630679155709444,
          0.5054643394605738,
          0.5297260729826334,
          0.5178907978296593,
          0.46002938146585826
        ],
        "test_f1_macro": 0.4928331197177386,
        "test_accuracy": 0.4937852543303549,
        "per_class": {
          "DOWN": {
            "precision": 0.4605,
            "recall": 0.5836,
            "f1": 0.5148
          },
          "UP": {
            "precision": 0.5404,
            "recall": 0.4172,
            "f1": 0.4709
          }
        }
      },
      "LightGBM": {
        "cv_f1_mean": 0.509340867998956,
        "cv_f1_std": 0.01839984617452308,
        "cv_acc_mean": 0.5172396653135614,
        "fold_f1": [
          0.4931025171814436,
          0.5145486252936396,
          0.5264647737445831,
          0.5296413160764092,
          0.4829471076987046
        ],
        "test_f1_macro": 0.49485348958727426,
        "test_accuracy": 0.49523286577147707,
        "per_class": {
          "DOWN": {
            "precision": 0.4565,
            "recall": 0.5084,
            "f1": 0.481
          },
          "UP": {
            "precision": 0.536,
            "recall": 0.484,
            "f1": 0.5087
          }
        }
      },
      "Stacking": {
        "cv_f1_mean": 0.2952202977251524,
        "cv_f1_std": 0.0,
        "cv_acc_mean": 0.4170682204150386,
        "fold_f1": [
          0.2952202977251524
        ],
        "test_f1_macro": 0.3833038066095856,
        "test_accuracy": 0.5306743872610193,
        "per_class": {
          "DOWN": {
            "precision": 0.41,
            "recall": 0.0455,
            "f1": 0.0818
          },
          "UP": {
            "precision": 0.5372,
            "recall": 0.9442,
            "f1": 0.6848
          }
        }
      }
    }
  },
  "B": {
    "n_features": 56,
    "feature_cols": [
      "return_1d",
      "return_5d",
      "return_20d",
      "rsi_14",
      "macd",
      "macd_signal",
      "macd_hist",
      "sma_20_ratio",
      "sma_50_ratio",
      "ema_12_ratio",
      "volatility_20d",
      "atr_14",
      "bb_upper_dist",
      "bb_lower_dist",
      "bb_width",
      "volume_ratio",
      "dow_sin",
      "dow_cos",
      "month_sin",
      "month_cos",
      "vix_level",
      "finbert_sentiment",
      "finbert_confidence",
      "vader_sentiment",
      "news_volume_1d",
      "headline_avg_length",
      "sentiment_dispersion",
      "news_volume_5d",
      "sentiment_momentum",
      "is_sentiment_imputed",
      "sentiment_shift_3d",
      "sentiment_surprise",
      "news_volume_zscore",
      "sentiment_x_volume",
      "finbert_embed_pca_1",
      "finbert_embed_pca_2",
      "finbert_embed_pca_3",
      "finbert_embed_pca_4",
      "finbert_embed_pca_5",
      "finbert_embed_pca_6",
      "finbert_embed_pca_7",
      "finbert_embed_pca_8",
      "finbert_embed_pca_9",
      "finbert_embed_pca_10",
      "analyst_consensus",
      "analyst_upgrade_score",
      "analyst_coverage_count",
      "price_target_upside",
      "analyst_sentiment_momentum",
      "sector_Consumer",
      "sector_Energy",
      "sector_Finance",
      "sector_Healthcare",
      "sector_Industrial",
      "sector_Insurance",
      "sector_Technology"
    ],
    "best_model": "RandomForest",
    "cv_f1_mean": 0.5000513773470612,
    "cv_f1_std": 0.02201198313637796,
    "cv_acc_mean": 0.5122690746417031,
    "fold_f1": [
      0.48859186057315407,
      0.5002970159485167,
      0.5294256677826803,
      0.5161058774957064,
      0.46583646493524866
    ],
    "test_f1_macro": 0.4969233971846856,
    "test_accuracy": 0.49777866520241604,
    "per_class": {
      "DOWN": {
        "precision": 0.4638,
        "recall": 0.5857,
        "f1": 0.5177
      },
      "UP": {
        "precision": 0.5449,
        "recall": 0.4228,
        "f1": 0.4762
      }
    },
    "per_model": {
      "RandomForest": {
        "cv_f1_mean": 0.5000513773470612,
        "cv_f1_std": 0.02201198313637796,
        "cv_acc_mean": 0.5122690746417031,
        "fold_f1": [
          0.48859186057315407,
          0.5002970159485167,
          0.5294256677826803,
          0.5161058774957064,
          0.46583646493524866
        ],
        "test_f1_macro": 0.4969233971846856,
        "test_accuracy": 0.49777866520241604,
        "per_class": {
          "DOWN": {
            "precision": 0.4638,
            "recall": 0.5857,
            "f1": 0.5177
          },
          "UP": {
            "precision": 0.5449,
            "recall": 0.4228,
            "f1": 0.4762
          }
        }
      },
      "LightGBM": {
        "cv_f1_mean": 0.5109098909481368,
        "cv_f1_std": 0.021057077251151204,
        "cv_acc_mean": 0.5185154502526717,
        "fold_f1": [
          0.5003175890013849,
          0.5158643658771301,
          0.5348817880849038,
          0.5276034234921428,
          0.47588228828512213
        ],
        "test_f1_macro": 0.48562087483274496,
        "test_accuracy": 0.4869465382119503,
        "per_class": {
          "DOWN": {
            "precision": 0.4552,
            "recall": 0.5843,
            "f1": 0.5117
          },
          "UP": {
            "precision": 0.5327,
            "recall": 0.404,
            "f1": 0.4595
          }
        }
      },
      "Stacking": {
        "cv_f1_mean": 0.3243875056711299,
        "cv_f1_std": 0.0,
        "cv_acc_mean": 0.4684440885305204,
        "fold_f1": [
          0.3243875056711299
        ],
        "test_f1_macro": 0.3900592729037908,
        "test_accuracy": 0.534567962861279,
        "per_class": {
          "DOWN": {
            "precision": 0.4502,
            "recall": 0.052,
            "f1": 0.0932
          },
          "UP": {
            "precision": 0.5393,
            "recall": 0.9459,
            "f1": 0.6869
          }
        }
      }
    }
  },
  "C": {
    "n_features": 66,