{
  "A": {
    "n_features": 28,
    "feature_cols": [
      "return_1d",
      "return_5d",
      "return_20d",
      "rsi_14",
      "macd",
      "macd_signal",
      "macd_hist",
      "sma_20_ratio",
      "sma_50_ratio",
      "ema_12_ratio",
      "volatility_20d",
      "atr_14",
      "bb_upper_dist",
      "bb_lower_dist",
      "bb_width",
      "volume_ratio",
      "dow_sin",
      "dow_cos",
      "month_sin",
      "month_cos",
      "vix_level",
      "sector_Consumer",
      "sector_Energy",
      "sector_Finance",
      "sector_Healthcare",
      "sector_Industrial",
      "sector_Insurance",
      "sector_Technology"
    ],
    "best_model": "LightGBM",
    "selection_metric": "val_f1_macro",
    "cv_f1_mean": 0.5092754559796331,
    "cv_f1_std": 0.022384732954922514,
    "cv_acc_mean": 0.5156490762985667,
    "fold_f1": [
      0.4867308266690079,
      0.5221604680934775,
      0.5338721822451566,
      0.5254134677218479,
      0.47820033516867577
    ],
    "val_f1_macro": 0.4799941097413817,
    "val_accuracy": 0.4800606343283582,
    "test_f1_macro": 0.4892305384850506,
    "test_accuracy": 0.4898417610941946,
    "per_class": {
      "DOWN": {
        "precision": 0.4565,
        "recall": 0.5699,
        "f1": 0.5069
      },
      "UP": {
        "precision": 0.5349,
        "recall": 0.4216,
        "f1": 0.4716
      }
    },
    "per_model": {
      "RandomForest": {
        "cv_f1_mean": 0.4998834766591639,
        "cv_f1_std": 0.024570980781030746,
        "cv_acc_mean": 0.5109435837958745,
        "fold_f1": [
          0.48630679155709444,
          0.5054643394605738,
          0.5297260729826334,
          0.5178907978296593,
          0.46002938146585826
        ],
        "val_f1_macro": 0.440159898866638,
        "val_accuracy": 0.441464552238806
      },
      "LightGBM": {
        "cv_f1_mean": 0.5092754559796331,
        "cv_f1_std": 0.022384732954922514,
        "cv_acc_mean": 0.5156490762985667,
        "fold_f1": [
          0.4867308266690079,
          0.5221604680934775,
          0.5338721822451566,
          0.5254134677218479,
          0.47820033516867577
        ],
        "val_f1_macro": 0.4799941097413817,
        "val_accuracy": 0.4800606343283582
      },
      "Stacking": {
        "cv_f1_mean": 0.31321725734581346,
        "cv_f1_std": 0.0,
        "cv_acc_mean": 0.44207270769188284,
        "fold_f1": [
          0.31321725734581346
        ],
        "val_f1_macro": 0.4281263177965311,
        "val_accuracy": 0.5481576492537313
      }
    }
  },
  "B": {
    "n_features": 56,
    "feature_cols": [
      "return_1d",
      "return_5d",
      "return_20d",
      "rsi_14",
      "macd",
      "macd_signal",
      "macd_hist",
      "sma_20_ratio",
      "sma_50_ratio",
      "ema_12_ratio",
      "volatility_20d",
      "atr_14",
      "bb_upper_dist",
      "bb_lower_dist",
      "bb_width",
      "volume_ratio",
      "dow_sin",
      "dow_cos",
      "month_sin",
      "month_cos",
      "vix_level",
      "finbert_sentiment",
      "finbert_confidence",
      "vader_sentiment",
      "news_volume_1d",
      "headline_avg_length",
      "sentiment_dispersion",
      "news_volume_5d",
      "sentiment_momentum",
      "is_sentiment_imputed",
      "sentiment_shift_3d",
      "sentiment_surprise",
      "news_volume_zscore",
      "sentiment_x_volume",
      "finbert_embed_pca_1",
      "finbert_embed_pca_2",
      "finbert_embed_pca_3",
      "finbert_embed_pca_4",
      "finbert_embed_pca_5",
      "finbert_embed_pca_6",
      "finbert_embed_pca_7",
      "finbert_embed_pca_8",
      "finbert_embed_pca_9",
      "finbert_embed_pca_10",
      "analyst_consensus",
      "analyst_upgrade_score",
      "analyst_coverage_count",
      "price_target_upside",
      "analyst_sentiment_momentum",
      "sector_Consumer",
      "sector_Energy",
      "sector_Finance",
      "sector_Healthcare",
      "sector_Industrial",
      "sector_Insurance",
      "sector_Technology"
    ],
    "best_model": "LightGBM",
    "selection_metric": "val_f1_macro",
    "cv_f1_mean": 0.5131235621452974,
    "cv_f1_std": 0.014876445630659589,
    "cv_acc_mean": 0.5199569215475106,
    "fold_f1": [
      0.5037637679990526,
      0.5176094557162173,
      0.5239261132241126,
      0.5309503963996196,
      0.4893680773874848
    ],
    "val_f1_macro": 0.4740584284760714,
    "val_accuracy": 0.47411380597014924,
    "test_f1_macro": 0.48519712046995694,
    "test_accuracy": 0.4860979384016373,
    "per_class": {
      "DOWN": {
        "precision": 0.4538,
        "recall": 0.5737,
        "f1": 0.5067
      },
      "UP": {
        "precision": 0.531,
        "recall": 0.4115,
        "f1": 0.4637
      }
    },
    "per_model": {
      "RandomForest": {
        "cv_f1_mean": 0.5000513773470612,
        "cv_f1_std": 0.02201198313637796,
        "cv_acc_mean": 0.5122690746417031,
        "fold_f1": [
          0.48859186057315407,
          0.5002970159485167,
          0.5294256677826803,
          0.5161058774957064,
          0.46583646493524866
        ],
        "val_f1_macro": 0.44731756329634553,
        "val_accuracy": 0.44822761194029853
      },
      "LightGBM": {
        "cv_f1_mean": 0.5131235621452974,
        "cv_f1_std": 0.014876445630659589,
        "cv_acc_mean": 0.5199569215475106,
        "fold_f1": [
          0.5037637679990526,
          0.5176094557162173,
          0.5239261132241126,
          0.5309503963996196,
          0.4893680773874848
        ],
        "val_f1_macro": 0.4740584284760714,
        "val_accuracy": 0.47411380597014924
      },
      "Stacking": {
        "cv_f1_mean": 0.31809470617953456,
        "cv_f1_std": 0.0,
        "cv_acc_mean": 0.4576746241042705,
        "fold_f1": [
          0.31809470617953456
        ],
        "val_f1_macro": 0.4387884260778142,
        "val_accuracy": 0.5489738805970149
      }
    }
  },
  "C": {
    "n_features": 66,
    "feature_cols": [
      "return_1d",
      "return_5d",
      "return_20d",
      "rsi_14",
      "macd",
      "macd_signal",
      "macd_hist",
      "sma_20_ratio",
      "sma_50_ratio",
      "ema_12_ratio",
      "volatility_20d",
      "atr_14",
      "bb_upper_dist",
      "bb_lower_dist",
      "bb_width",
      "volume_ratio",
      "dow_sin",
      "dow_cos",
      "month_sin",
      "month_cos",
      "vix_level",
      "finbert_sentiment",
      "finbert_confidence",
      "vader_sentiment",
      "news_volume_1d",
      "headline_avg_length",
      "sentiment_dispersion",
      "news_volume_5d",
      "sentiment_momentum",
      "is_sentiment_imputed",
      "sentiment_shift_3d",
      "sentiment_surprise",
      "news_volume_zscore",
      "sentiment_x_volume",
      "finbert_embed_pca_1",
      "finbert_embed_pca_2",
      "finbert_embed_pca_3",
      "finbert_embed_pca_4",
      "finbert_embed_pca_5",
      "finbert_embed_pca_6",
      "finbert_embed_pca_7",
      "finbert_embed_pca_8",
      "finbert_embed_pca_9",
      "finbert_embed_pca_10",
      "analyst_consensus",
      "analyst_upgrade_score",
      "analyst_coverage_count",
      "price_target_upside",
      "analyst_sentiment_momentum",
      "chart_embed_pca_1",
      "chart_embed_pca_2",
      "chart_embed_pca_3",
      "chart_embed_pca_4",
      "chart_embed_pca_5",
      "chart_embed_pca_6",
      "chart_embed_pca_7",
      "chart_embed_pca_8",
      "chart_embed_pca_9",
      "chart_embed_pca_10",
      "sector_Consumer",
      "sector_Energy",
      "sector_Finance",
      "sector_Healthcare",
      "sector_Industrial",
      "sector_Insurance",
      "sector_Technology"
    ],
    "best_model": "LightGBM",
    "selection_metric": "val_f1_macro",
    "cv_f1_mean": 0.5052913735265707,
    "cv_f1_std": 0.02333423715769918,
    "cv_acc_mean": 0.517769861651893,
    "fold_f1": [
      0.4930619113268533,
      0.5061192516091897,
      0.5306199042786952,
      0.5286072132750439,
      0.46804858714307157
    ],