{
  "A": {
    "n_features": 28,
    "feature_cols": [
      "return_1d",
      "return_5d",
      "return_20d",
      "rsi_14",
      "macd",
      "macd_signal",
      "macd_hist",
      "sma_20_ratio",
      "sma_50_ratio",
      "ema_12_ratio",
      "volatility_20d",
      "atr_14",
      "bb_upper_dist",
      "bb_lower_dist",
      "bb_width",
      "volume_ratio",
      "dow_sin",
      "dow_cos",
      "month_sin",
      "month_cos",
      "vix_level",
      "sector_Consumer",
      "sector_Energy",
      "sector_Finance",
      "sector_Healthcare",
      "sector_Industrial",
      "sector_Insurance",
      "sector_Technology"
    ],
    "best_model": "LightGBM",
    "cv_f1_mean": 0.5078578942543741,
    "cv_f1_std": 0.020103693662752116,
    "cv_acc_mean": 0.5152679976803911,
    "fold_f1": [
      0.4913171272869188,
      0.5220063524351002,
      0.521514262399236,
      0.5276923204157435,
      0.47675940873487227
    ],
    "test_f1_macro": 0.49413212525582884,
    "test_accuracy": 0.49413467778166026,
    "per_class": {
      "DOWN": {
        "precision": 0.4575,
        "recall": 0.5345,
        "f1": 0.493
      },
      "UP": {
        "precision": 0.5368,
        "recall": 0.4597,
        "f1": 0.4953
      }
    },
    "per_model": {
      "RandomForest": {
        "cv_f1_mean": 0.4998834766591639,
        "cv_f1_std": 0.024570980781030746,
        "cv_acc_mean": 0.5109435837958745,
        "fold_f1": [
          0.48630679155709444,
          0.5054643394605738,
          0.5297260729826334,
          0.5178907978296593,
          0.46002938146585826
        ],
        "test_f1_macro": 0.4928331197177386,
        "test_accuracy": 0.4937852543303549,
        "per_class": {
          "DOWN": {
            "precision": 0.4605,
            "recall": 0.5836,
            "f1": 0.5148
          },
          "UP": {
            "precision": 0.5404,
            "recall": 0.4172,
            "f1": 0.4709
          }
        }
      },
      "LightGBM": {
        "cv_f1_mean": 0.5078578942543741,
        "cv_f1_std": 0.020103693662752116,
        "cv_acc_mean": 0.5152679976803911,
        "fold_f1": [
          0.4913171272869188,
          0.5220063524351002,
          0.521514262399236,
          0.5276923204157435,
          0.47675940873487227
        ],
        "test_f1_macro": 0.49413212525582884,
        "test_accuracy": 0.49413467778166026,
        "per_class": {
          "DOWN": {
            "precision": 0.4575,
            "recall": 0.5345,
            "f1": 0.493
          },
          "UP": {
            "precision": 0.5368,
            "recall": 0.4597,
            "f1": 0.4953
          }
        }
      },
      "Stacking": {
        "cv_f1_mean": 0.29578568522771037,
        "cv_f1_std": 0.0,
        "cv_acc_mean": 0.4176895356703992,
        "fold_f1": [
          0.29578568522771037
        ],
        "test_f1_macro": 0.38398499776718487,
        "test_accuracy": 0.53137323416363,
        "per_class": {
          "DOWN": {
            "precision": 0.4163,
            "recall": 0.0459,
            "f1": 0.0827
          },
          "UP": {
            "precision": 0.5375,
            "recall": 0.9452,
            "f1": 0.6853
          }
        }
      }
    }
  },
  "B": {
    "n_features": 51,
    "feature_cols": [
      "return_1d",
      "return_5d",
      "return_20d",
      "rsi_14",
      "macd",
      "macd_signal",
      "macd_hist",
      "sma_20_ratio",
      "sma_50_ratio",
      "ema_12_ratio",
      "volatility_20d",
      "atr_14",
      "bb_upper_dist",
      "bb_lower_dist",
      "bb_width",
      "volume_ratio",
      "dow_sin",
      "dow_cos",
      "month_sin",
      "month_cos",
      "vix_level",
      "finbert_sentiment",
      "finbert_confidence",
      "vader_sentiment",
      "news_volume_1d",
      "headline_avg_length",
      "sentiment_dispersion",
      "news_volume_5d",
      "sentiment_momentum",
      "is_sentiment_imputed",
      "sentiment_shift_3d",
      "sentiment_surprise",
      "news_volume_zscore",
      "sentiment_x_volume",
      "finbert_embed_pca_1",
      "finbert_embed_pca_2",
      "finbert_embed_pca_3",
      "finbert_embed_pca_4",
      "finbert_embed_pca_5",
      "finbert_embed_pca_6",
      "finbert_embed_pca_7",
      "finbert_embed_pca_8",
      "finbert_embed_pca_9",
      "finbert_embed_pca_10",
      "sector_Consumer",
      "sector_Energy",
      "sector_Finance",
      "sector_Healthcare",
      "sector_Industrial",
      "sector_Insurance",
      "sector_Technology"
    ],
    "best_model": "RandomForest",
    "cv_f1_mean": 0.499585506555285,
    "cv_f1_std": 0.02297985217491503,
    "cv_acc_mean": 0.5094689752298898,
    "fold_f1": [
      0.4854186783296055,
      0.4996576926947942,
      0.5305108855604274,
      0.5170704071857193,
      0.46526986900587863
    ],
    "test_f1_macro": 0.49829044838982794,
    "test_accuracy": 0.49872710028453054,
    "per_class": {
      "DOWN": {
        "precision": 0.4639,
        "recall": 0.574,
        "f1": 0.5131
      },
      "UP": {
        "precision": 0.5448,
        "recall": 0.4346,
        "f1": 0.4835
      }
    },
    "per_model": {
      "RandomForest": {
        "cv_f1_mean": 0.499585506555285,
        "cv_f1_std": 0.02297985217491503,
        "cv_acc_mean": 0.5094689752298898,
        "fold_f1": [
          0.4854186783296055,
          0.4996576926947942,
          0.5305108855604274,
          0.5170704071857193,
          0.46526986900587863
        ],
        "test_f1_macro": 0.49829044838982794,
        "test_accuracy": 0.49872710028453054,
        "per_class": {
          "DOWN": {
            "precision": 0.4639,
            "recall": 0.574,
            "f1": 0.5131
          },
          "UP": {
            "precision": 0.5448,
            "recall": 0.4346,
            "f1": 0.4835
          }
        }
      },
      "LightGBM": {
        "cv_f1_mean": 0.5083363112719982,
        "cv_f1_std": 0.024672703345942605,
        "cv_acc_mean": 0.5163780962637727,
        "fold_f1": [
          0.4910075239799361,
          0.5185395524034843,
          0.5347049010557545,
          0.5283700466862175,
          0.46905953223459884
        ],
        "test_f1_macro": 0.49264046200669864,
        "test_accuracy": 0.4926870663405381,
        "per_class": {
          "DOWN": {
            "precision": 0.4571,
            "recall": 0.5458,
            "f1": 0.4975
          },
          "UP": {
            "precision": 0.5361,
            "recall": 0.4474,
            "f1": 0.4878
          }
        }
      },
      "Stacking": {
        "cv_f1_mean": 0.31906591358355263,
        "cv_f1_std": 0.0,
        "cv_acc_mean": 0.46450909191323675,
        "fold_f1": [
          0.31906591358355263
        ],
        "test_f1_macro": 0.38191569502247785,
        "test_accuracy": 0.5346677981330804,
        "per_class": {
          "DOWN": {
            "precision": 0.4393,
            "recall": 0.0408,
            "f1": 0.0746
          },
          "UP": {
            "precision": 0.5389,
            "recall": 0.9556,
            "f1": 0.6892
          }
        }
      }
    }
  },
  "C": {
    "n_features": 61,