{
  "A": {
    "n_features": 28,
    "feature_cols": [
      "return_1d",
      "return_5d",
      "return_20d",
      "rsi_14",
      "macd",
      "macd_signal",
      "macd_hist",
      "sma_20_ratio",
      "sma_50_ratio",
      "ema_12_ratio",
      "volatility_20d",
      "atr_14",
      "bb_upper_dist",
      "bb_lower_dist",
      "bb_width",
      "volume_ratio",
      "dow_sin",
      "dow_cos",
      "month_sin",
      "month_cos",
      "vix_level",
      "sector_Consumer",
      "sector_Energy",
      "sector_Finance",
      "sector_Healthcare",
      "sector_Industrial",
      "sector_Insurance",
      "sector_Technology"
    ],
    "best_model": "LightGBM",
    "selection_metric": "val_f1_macro",
    "cv_f1_mean": 0.5089467956206937,
    "cv_f1_std": 0.01629222944828288,
    "cv_acc_mean": 0.5163283903570541,
    "fold_f1": [
      0.49865214406178693,
      0.5102259303846683,
      0.5251840929105496,
      0.5268979180978847,
      0.48377389264857906
    ],
    "val_f1_macro": 0.4771098378779166,
    "val_accuracy": 0.4777285447761194,
    "test_f1_macro": 0.49695534166092614,
    "test_accuracy": 0.4971297359357061,
    "per_class": {
      "DOWN": {
        "precision": 0.459,
        "recall": 0.52,
        "f1": 0.4876
      },
      "UP": {
        "precision": 0.5386,
        "recall": 0.4777,
        "f1": 0.5063
      }
    },
    "per_model": {
      "RandomForest": {
        "cv_f1_mean": 0.4998834766591639,
        "cv_f1_std": 0.024570980781030746,
        "cv_acc_mean": 0.5109435837958745,
        "fold_f1": [
          0.48630679155709444,
          0.5054643394605738,
          0.5297260729826334,
          0.5178907978296593,
          0.46002938146585826
        ],
        "val_f1_macro": 0.440159898866638,
        "val_accuracy": 0.441464552238806,
        "test_f1_macro": 0.4928331197177386,
        "test_accuracy": 0.4937852543303549
      },
      "LightGBM": {
        "cv_f1_mean": 0.5089467956206937,
        "cv_f1_std": 0.01629222944828288,
        "cv_acc_mean": 0.5163283903570541,
        "fold_f1": [
          0.49865214406178693,
          0.5102259303846683,
          0.5251840929105496,
          0.5268979180978847,
          0.48377389264857906
        ],
        "val_f1_macro": 0.4771098378779166,
        "val_accuracy": 0.4777285447761194,
        "test_f1_macro": 0.49695534166092614,
        "test_accuracy": 0.4971297359357061
      },
      "Stacking": {
        "cv_f1_mean": 0.29943864786438035,
        "cv_f1_std": 0.0,
        "cv_acc_mean": 0.42562856393333975,
        "fold_f1": [
          0.29943864786438035
        ],
        "val_f1_macro": 0.4206871573005567,
        "val_accuracy": 0.5465251865671642,
        "test_f1_macro": 0.3795712873537246,
        "test_accuracy": 0.5307243048969201
      }
    }
  },
  "B": {
    "n_features": 56,
    "feature_cols": [
      "return_1d",
      "return_5d",
      "return_20d",
      "rsi_14",
      "macd",
      "macd_signal",
      "macd_hist",
      "sma_20_ratio",
      "sma_50_ratio",
      "ema_12_ratio",
      "volatility_20d",
      "atr_14",
      "bb_upper_dist",
      "bb_lower_dist",
      "bb_width",
      "volume_ratio",
      "dow_sin",
      "dow_cos",
      "month_sin",
      "month_cos",
      "vix_level",
      "finbert_sentiment",
      "finbert_confidence",
      "vader_sentiment",
      "news_volume_1d",
      "headline_avg_length",
      "sentiment_dispersion",
      "news_volume_5d",
      "sentiment_momentum",
      "is_sentiment_imputed",
      "sentiment_shift_3d",
      "sentiment_surprise",
      "news_volume_zscore",
      "sentiment_x_volume",
      "finbert_embed_pca_1",
      "finbert_embed_pca_2",
      "finbert_embed_pca_3",
      "finbert_embed_pca_4",
      "finbert_embed_pca_5",
      "finbert_embed_pca_6",
      "finbert_embed_pca_7",
      "finbert_embed_pca_8",
      "finbert_embed_pca_9",
      "finbert_embed_pca_10",
      "analyst_consensus",
      "analyst_upgrade_score",
      "analyst_coverage_count",
      "price_target_upside",
      "analyst_sentiment_momentum",
      "sector_Consumer",
      "sector_Energy",
      "sector_Finance",
      "sector_Healthcare",
      "sector_Industrial",
      "sector_Insurance",
      "sector_Technology"
    ],
    "best_model": "LightGBM",
    "selection_metric": "val_f1_macro",
    "cv_f1_mean": 0.5098736324603291,
    "cv_f1_std": 0.026872391793830587,
    "cv_acc_mean": 0.5177864302874658,
    "fold_f1": [
      0.5035580874654217,
      0.518314534922308,
      0.5359692933082656,
      0.5305503034716159,
      0.4609759431340346
    ],
    "val_f1_macro": 0.4759702435792984,
    "val_accuracy": 0.4759794776119403,
    "test_f1_macro": 0.4826068850022687,
    "test_accuracy": 0.48420106823740827,
    "per_class": {
      "DOWN": {
        "precision": 0.4533,
        "recall": 0.5865,
        "f1": 0.5113
      },
      "UP": {
        "precision": 0.5297,
        "recall": 0.397,
        "f1": 0.4539
      }
    },
    "per_model": {
      "RandomForest": {
        "cv_f1_mean": 0.4972963298483313,
        "cv_f1_std": 0.023360950684849977,
        "cv_acc_mean": 0.5094192693231713,
        "fold_f1": [
          0.49082235797661034,
          0.492761267616317,
          0.5307993470603174,
          0.5114535621842609,
          0.46064511440415046
        ],
        "val_f1_macro": 0.4472644175782351,
        "val_accuracy": 0.44822761194029853,
        "test_f1_macro": 0.49427651025159935,
        "test_accuracy": 0.49488344232017173
      },
      "LightGBM": {
        "cv_f1_mean": 0.5098736324603291,
        "cv_f1_std": 0.026872391793830587,
        "cv_acc_mean": 0.5177864302874658,
        "fold_f1": [
          0.5035580874654217,
          0.518314534922308,
          0.5359692933082656,
          0.5305503034716159,
          0.4609759431340346
        ],
        "val_f1_macro": 0.4759702435792984,
        "val_accuracy": 0.4759794776119403,
        "test_f1_macro": 0.4826068850022687,
        "test_accuracy": 0.48420106823740827
      },
      "Stacking": {
        "cv_f1_mean": 0.329310350745318,
        "cv_f1_std": 0.0,
        "cv_acc_mean": 0.46299032128902207,
        "fold_f1": [
          0.329310350745318
        ],
        "val_f1_macro": 0.4564606105546917,
        "val_accuracy": 0.5556203358208955,
        "test_f1_macro": 0.4194843198015846,
        "test_accuracy": 0.5395597264513553
      }
    }
  },
  "C": {
    "n_features": 66,